8.067646089,7.442522533,6.970567436,6.562226635,6.197286915,5.865752653,5.561473977,5.280241919,5.018959714,4.775240005,4.547172874,4.333193089,4.131988517,3.942442793,3.76359135,3.594592195,3.434703829,3.283267332,3.139692856,3.003450113,2.874060041,2.75108533,2.63412889,2.522826302,2.416841561,2.31586816,2.219619988,2.127832558,2.040261075,1.956677631,1.876869734,1.80063907,1.727800732,1.658179864,1.591614925,1.527952757,1.467049919,1.408771351,1.35298986,1.2995857,1.248445473,1.199462433,1.15253605,1.10757052,1.064475581,1.0231657,0.98355985,0.945581129,0.909156598,0.874217078,0.840696851,0.808533304,0.777667193,0.748041896,0.719603885,0.69230184,0.666087089,0.64091324,0.616736082,0.593513616,0.571205135,0.549772805,0.529179894,0.509391485
8.060685989,7.435901122,6.964256465,6.556198306,6.191538306,5.860260739,5.556226032,5.275223708,5.014159442,4.770645853,4.542774953,4.328981543,4.127954172,3.938577759,3.759886551,3.591040689,3.431298405,3.280001142,3.136559796,3.000444417,2.871175314,2.74831677,2.631471204,2.520274465,2.414391697,2.31351533,2.2173602,2.125661276,2.038175137,1.954673292,1.874943637,1.798787866,1.726020894,1.656469215,1.589970292,1.526371485,1.46552932,1.407309253,1.351583393,1.298232782,1.247144093,1.198210742,1.151331611,1.106411602,1.063360418,1.022092572,0.982527068,0.94458712,0.90819984,0.873296059,0.839810143,0.807679679,0.776845327,0.74725105,0.718841945,0.69156815,0.665380546,0.640232841,0.616080875,0.592882271,0.57059719,0.549187244,0.528615763,0.508848005
8.039824275,7.416047743,6.945338385,6.538149391,6.174311186,5.843803938,5.540497156,5.260183634,4.999771866,4.756877567,4.529594526,4.316359341,4.115863745,3.92699265,3.748783796,3.580397088,3.421092652,3.270213164,3.127170808,2.991436149,2.862530516,2.740019693,2.623506453,2.512627529,2.40704905,2.30646338,2.21058638,2.119154632,2.031923579,1.948666403,1.869170957,1.793239685,1.720687932,1.651342533,1.585041403,1.52163231,1.460972502,1.402926772,1.347368363,1.294178427,1.24324401,1.194458655,1.147721797,1.102938328,1.060018239,1.018876318,0.979431628,0.941607956,0.905332322,0.870535821,0.837152989,0.805121594,0.774382452,0.744879281,0.716558565,0.68936945,0.663262956,0.638193418,0.614116569,0.59099052,0.568775009,0.547431948,0.526924906,0.507219074
8.005131484,7.383032589,6.913872947,6.508138689,6.145654573,5.816435371,5.51433952,5.235171777,4.975845537,4.733980389,4.507674685,4.295368823,4.095756686,3.907726547,3.730318659,3.562695457,3.404119178,3.253934386,3.111554944,2.976453502,2.848153108,2.726220336,2.61025983,2.499909503,2.394836645,2.294734649,2.199320757,2.108332286,2.021525961,1.938675402,1.859569657,1.784011876,1.711817891,1.642815837,1.576843732,1.513750164,1.453391561,1.395637217,1.340357687,1.287435108,1.236757282,1.188218231,1.141717838,1.097161443,1.054459398,1.013526858,0.974283417,0.93665288,0.900562884,0.865944764,0.832733364,0.800866712,0.770285905,0.740934942,0.712760547,0.685712017,0.659741039,0.634801577,0.610849824,0.587843977,0.565744194,0.544512462,0.524112511,0.504509704
7.956724601,7.336964574,6.869968831,6.466256972,6.105678797,5.77824506,5.477839479,5.200270424,4.942458671,4.702029282,4.477087239,4.26607731,4.067698297,3.880841626,3.704551574,3.537993807,3.380433374,3.231217878,3.08976376,2.955545701,2.828089394,2.70696324,2.591774026,2.482161231,2.377793978,2.278367222,2.18359946,2.093229699,2.007015777,1.924732757,1.846170754,1.771134007,1.699439541,1.630916155,1.565403123,1.502749855,1.442814693,1.385464387,1.330573663,1.278024143,1.227704366,1.179509018,1.133338625,1.089099044,1.046701279,1.006060969,0.967098212,0.929737327,0.89390641,0.859537243,0.826565068,0.794928334,0.764568518,0.735430013,0.707459849,0.68060765,0.654825446,0.630067542,0.606290327,0.583452437,0.561514191,0.540437792,0.520187297,0.500728301
7.894763048,7.277996897,6.813772512,6.412646992,6.054501419,5.729358942,5.431115467,5.155591779,4.89971762,4.661126468,4.437929816,4.228579156,4.031777939,3.846426577,3.671564008,3.506333747,3.35010993,3.202135197,3.061866084,2.928777619,2.802402753,2.682309142,2.5681071,2.459438358,2.355973964,2.257411827,2.16347126,2.07389349,1.988438088,1.906881522,1.829015591,1.754645931,1.683590865,1.615680377,1.550755106,1.488665516,1.429271009,1.372439425,1.31804746,1.265974468,1.216113106,1.168357799,1.122609878,1.078775986,1.036767671,0.996501561,0.957898217,0.920882558,0.88538333,0.851332904,0.818667021,0.787324661,0.757247866,0.728381335,0.700672638,0.674071737,0.648531234,0.624005776,0.600452148,0.577829215,0.556097728,0.535220235,0.51516114,0.495886283
7.819453516,7.206325044,6.745466965,6.347489268,5.992297401,5.669937546,5.374322009,5.101284885,4.847765255,4.611407967,4.390331966,4.182997616,3.988114052,3.80458484,3.631464234,3.467927521,3.313248107,3.166781296,3.027951058,2.896238837,2.771176069,2.652337666,2.53933585,2.431814319,2.329447924,2.231935944,2.139000832,2.050385764,1.965852361,1.885178843,1.808159189,1.73460037,1.66432253,1.597157163,1.532946338,1.471542201,1.412804603,1.35660357,1.30281549,1.251324212,1.202020104,1.154799718,1.109565391,1.066224607,1.024689947,0.984878638,0.946712213,0.910116309,0.875020348,0.841357349,0.809063827,0.778079299,0.748346401,0.719810562,0.692419743,0.666124581,0.640877976,0.616635082,0.59335314,0.570991669,0.549511605,0.528876004,0.509049035,0.489998481
7.731049891,7.122191142,6.665282687,6.270992789,5.919272933,5.600179376,5.307647999,5.037527448,4.786772319,4.553036922,4.334450897,4.129481938,3.936849262,3.755462483,3.58438313,3.422791797,3.269967607,3.125270915,2.988130259,2.858031517,2.734510531,2.617145562,2.505551727,2.399378324,2.298300186,2.202021357,2.110266744,2.02278161,1.939330866,1.859694219,1.783667808,1.711060985,1.641695607,1.575405028,1.512033003,1.451433054,1.393467413,1.338006698,1.284929012,1.234119451,1.185469679,1.13887745,1.094246102,1.051484393,1.010505824,0.971228598,0.933575189,0.897472096,0.862849668,0.829641722,0.797785452,0.767221201,0.737892227,0.709744545,0.682727041,0.656790853,0.631889367,0.607978126,0.585015621,0.562961061,0.541776227,0.521424642,0.501871417,0.483083212
7.629852762,7.025877113,6.573490051,6.183431354,5.835673807,5.52034141,5.231315932,4.964534178,4.716942215,4.486207507,4.270470785,4.068209922,3.87815313,3.699218891,3.530475584,3.371110796,3.220410022,3.077739696,2.942532041,2.814280877,2.692525305,2.576846846,2.466865872,2.362233903,2.262631589,2.167764674,2.07736146,1.991170495,1.908958642,1.830509113,1.75562006,1.684103184,1.615782602,1.55049382,1.488082257,1.428403285,1.371321262,1.316708245,1.264443928,1.214414972,1.166514347,1.120641433,1.076700555,1.034601936,0.994260196,0.955594582,0.918528622,0.882989937,0.848909749,0.816222855,0.784867347,0.75478432,0.725917966,0.698215001,0.671624985,0.646099787,0.621593524,0.598062565,0.57546539,0.553762352,0.532915699,0.51288937,0.493649069,0.475161973
7.516204951,6.917712339,6.470398787,6.085078068,5.741776065,5.430620181,5.145580748,4.882547502,4.638507005,4.411140828,4.198602803,3.999383082,3.812219471,3.636039017,3.469919398,3.313054635,3.164738588,3.024343389,2.891309173,2.765132378,2.645357759,2.531573557,2.423403439,2.320503599,2.222558334,2.12927713,2.040391855,1.955654276,1.874834313,1.797718068,1.72410658,1.653813972,1.586666951,1.522503124,1.461170456,1.402526472,1.346436956,1.292776215,1.241425668,1.192273491,1.145214663,1.100149706,1.05698471,1.015631004,0.976004606,0.938026178,0.901620145,0.86671571,0.833244779,0.801143322,0.770350377,0.740808101,0.712461467,0.685258184,0.659148503,0.6340851,0.610022863,0.586918994,0.56473251,0.543424489,0.522957777,0.503296983,0.484408299,0.466259488
7.390497339,6.798063741,6.356356466,5.97629169,5.637912714,5.331392705,5.05073483,4.791846561,4.551732997,4.328092465,4.119092553,3.923235682,3.739270492,3.566135558,3.402914434,3.248817054,3.10313943,2.965261021,2.83462914,2.71074663,2.593164547,2.481475583,2.375308845,2.274325055,2.178212817,2.086685666,1.999479688,1.916350144,1.837069752,1.761428659,1.689230519,1.62029249,1.554443844,1.491524836,1.431386023,1.373886717,1.318895558,1.266288494,1.215948981,1.167767231,1.121639727,1.077468927,1.035162325,0.994632966,0.955798197,0.918580333,0.882904549,0.848701648,0.815904953,0.784451342,0.754281099,0.725337166,0.697565795,0.670915441,0.645337332,0.620785037,0.597214326,0.574583063,0.552851121,0.531980256,0.511934119,0.492677857,0.47417836,0.456403994
7.253167498,6.667353386,6.231778968,5.857427981,5.524430926,5.222977524,4.94710353,4.6927419,4.456917003,4.237344854,4.032208731,3.840024592,3.659551524,3.489744948,3.329695212,3.178617135,3.035819696,2.9006904,2.772683074,2.651307177,2.536119976,2.426720105,2.322742273,2.223851501,2.129739187,2.040131618,1.954760231,1.873387255,1.795789688,1.721760433,1.651106718,1.58364888,1.519219119,1.457660446,1.398826426,1.342578133,1.288787108,1.237331566,1.188096992,1.140975749,1.0958662,1.05267243,1.011304194,0.971675721,0.933706242,0.897319195,0.86244207,0.829006172,0.796946421,0.766200847,0.7367111,0.708421335,0.681278663,0.655232758,0.630235792,0.60624225,0.583208838,0.561094227,0.539859191,0.519466313,0.499879885,0.481065863,0.462991846,0.445626833
7.104699247,6.526038863,6.097081553,5.728921315,5.401730833,5.105751815,4.835047757,4.585577249,4.354387459,4.139212209,3.938251988,3.750037354,3.573342868,3.407129848,3.25050555,3.102692911,2.963009777,2.830852483,2.705682404,2.587015437,2.474418381,2.367493289,2.265881585,2.16925435,2.077310321,1.989772329,1.906384794,1.82691139,1.751133229,1.678846958,1.609863353,1.544006182,1.481110849,1.421023379,1.3635996,1.308704842,1.256211875,1.2060017,1.157962272,1.11198801,1.067979446,1.025842725,0.985489255,0.946835328,0.909801772,0.874313682,0.840300154,0.8076939,0.776431364,0.746451994,0.717698474,0.690116342,0.663653862,0.638261835,0.613893569,0.590504506,0.568052332,0.546496745,0.525799347,0.505923581,0.486834559,0.468499066,0.450885397,0.433963308
6.945622415,6.374619956,5.952751176,5.591215427,5.2702465,4.980129642,4.714962526,4.470730672,4.244504357,4.034038134,3.837551046,3.653588153,3.480938773,3.318577625,3.16562274,3.021308089,2.884961524,2.755988293,2.633858151,2.518095707,2.408271997,2.303998399,2.204922296,2.110720222,2.021096106,1.935778829,1.854517326,1.777079645,1.703251997,1.632833934,1.56564033,1.501498764,1.440247969,1.381737295,1.325825813,1.272381306,1.221279718,1.172404568,1.125646203,1.080901483,1.038073149,0.997069224,0.957803736,0.920194595,0.884164388,0.849640188,0.816552655,0.784836002,0.754428154,0.725270154,0.697306009,0.670482624,0.644749393,0.620058544,0.596364475,0.573623646,0.551794635,0.530838604,0.510717732,0.491396472,0.472840856,0.455018513,0.437898518,0.421451447
6.776514935,6.213646832,5.799306906,5.444809358,5.130451885,4.846563847,4.587279401,4.348613409,4.127662029,3.922200108,3.730465493,3.551021193,3.382671188,3.22440313,3.075348129,2.934751532,2.801951416,2.6763625,2.557463472,2.444787227,2.337912636,2.236458376,2.140077812,2.048454289,1.961297784,1.87834179,1.799340729,1.724067767,1.652312816,1.583880897,1.518590798,1.456273432,1.396771531,1.339937869,1.285634553,1.23373252,1.184110741,1.136655454,1.091259638,1.04782267,1.006249736,0.966451306,0.928343066,0.891845192,0.856882356,0.823383328,0.791280576,0.760510206,0.731011633,0.702727424,0.675603092,0.649586887,0.624629757,0.600684844,0.577707832,0.555656582,0.534490864,0.514172521,0.494665029,0.475933799,0.457945771,0.440669438,0.424074773,0.408133119
6.598000913,6.043717817,5.637318938,5.290217702,4.982859915,4.705543042,4.452465192,4.219671848,4.004284927,3.804103574,3.617384206,3.442708049,3.27889476,3.12494648,2.980006846,2.8433346,2.714277557,2.592260966,2.476772643,2.367354309,2.263592858,2.165114522,2.071578917,1.982678184,1.898126152,1.817663091,1.741048863,1.668061434,1.598493006,1.532161108,1.468880886,1.408490067,1.350834994,1.29577212,1.243167115,1.19289415,1.144835144,1.098879511,1.054922819,1.012867209,0.972620171,0.934094429,0.897208496,0.86188495,0.828049666,0.795633649,0.764571357,0.734800638,0.706262646,0.678901336,0.652664197,0.627500807,0.603363671,0.580206959,0.557987954,0.536665164,0.516200182,0.4965557,0.477696409,0.459588634,0.442200346,0.425501004,0.409461254,0.394053952
6.410759073,5.865465717,5.467441523,5.128102045,4.828027971,4.557598822,4.311026392,4.084388981,3.874835973,3.680189783,3.498728954,3.329051762,3.169995349,3.020576663,2.879953578,2.747395849,2.622263961,2.503993617,2.392082291,2.286080983,2.185584846,2.090227983,1.999678178,1.91363212,1.831812531,1.753964708,1.679854202,1.609264642,1.541995708,1.477861793,1.416690389,1.358321014,1.302603936,1.249399375,1.198576594,1.150013214,1.103594421,1.059212487,1.016766123,0.976160141,0.937304842,0.900115608,0.864512736,0.830420976,0.79776915,0.766490012,0.736519912,0.707798617,0.680269024,0.653877076,0.628571394,0.604303323,0.581026605,0.558697338,0.537273782,0.516716186,0.496987015,0.478050128,0.459871412,0.442418301,0.425659784,0.409566313,0.3941097,0.379263073
6.215510709,5.67957924,5.2901932,4.959009463,4.666550626,4.403298803,4.163505667,3.943283104,3.739810171,3.550933776,3.374952779,3.210486039,3.056388039,2.911690999,2.775567055,2.647299073,2.526259754,2.411895172,2.303713041,2.201274438,2.104182888,2.012080934,1.924643836,1.841575556,1.762605374,1.687485076,1.61598596,1.547897218,1.48302399,1.421185534,1.362213933,1.305953171,1.252257661,1.20099164,1.152028107,1.105248234,1.06054058,1.017800632,0.976930152,0.937836786,0.900433581,0.864638606,0.830374602,0.797568657,0.766151873,0.736059147,0.70722889,0.6796028,0.653125636,0.627745137,0.603411631,0.580078054,0.557699677,0.536234165,0.515641132,0.495882172,0.476920949,0.458722716,0.44125447,0.424484795,0.408383753,0.392922811,0.378074794,0.363813786
6.013036566,5.48683138,5.106420607,4.783638284,4.499070414,4.243255369,4.010487721,3.796913929,3.599741766,3.416844339,3.246543151,3.087477327,2.93851871,2.79871626,2.667256384,2.543435475,2.42663849,2.316323363,2.212008384,2.113263924,2.01970288,1.930976204,1.846767423,1.76678709,1.690772266,1.618480767,1.549690243,1.484195603,1.421807319,1.362349895,1.305660319,1.251586989,1.199988794,1.15073398,1.103699487,1.058770103,1.01583793,0.97480176,0.935566562,0.898042743,0.862146118,0.82779804,0.7949238,0.763452298,0.733317325,0.704455961,0.676808768,0.650319436,0.624934715,0.600604105,0.577279742,0.554916228,0.533470423,0.512901604,0.4931707,0.474240863,0.456076982,0.438645632,0.421915057,0.405854973,0.39043658,0.375632415,0.361416331,0.347763387
5.804172622,5.287978299,4.916831242,4.602708032,4.326276412,4.078127616,3.852601381,3.645879908,3.455203539,3.278470613,3.114025697,2.960528167,2.816868818,2.68211253,2.555461415,2.436226429,2.323805056,2.217667024,2.117340572,2.02240628,1.932486827,1.847241873,1.76636258,1.689568224,1.61660195,1.547228876,1.481232337,1.418414674,1.358590524,1.301590067,1.24725524,1.195439297,1.146005529,1.098826326,1.053782718,1.010763257,0.96966314,0.930385547,0.892838209,0.856934765,0.82259405,0.789739729,0.758299505,0.728205742,0.69939413,0.671804106,0.645378872,0.620063247,0.59580653,0.572560043,0.550277759,0.528915956,0.508433339,0.488790448,0.46994999,0.451876419,0.434536051,0.417896797,0.40192812,0.386601606,0.371887708,0.357761972,0.344198661,0.331173866
5.589814849,5.083887826,4.722241036,4.416997846,4.14890704,3.908619456,3.690519446,3.490827491,3.306812412,3.136401529,2.977962845,2.830177183,2.691953642,2.562374884,2.440658026,2.326128298,2.218195702,2.11634204,2.020108046,1.929083375,1.842900864,1.761228838,1.683766955,1.610242125,1.540405062,1.474027597,1.410899976,1.350829371,1.293637225,1.239159101,1.187241947,1.137743641,1.090532087,1.045484098,1.00248476,0.961426525,0.922208738,0.884737124,0.848923252,0.814683838,0.781940822,0.750620441,0.720653646,0.691974996,0.664522765,0.638238708,0.613067838,0.588958099,0.565860233,0.543727556,0.52251593,0.502183401,0.482690262,0.463998853,0.446073313,0.428879613,0.412385533,0.396560263,0.381374588,0.366800701,0.352812123,0.339383649,0.326491276,0.314112101
5.370919762,4.875470674,4.523518149,4.227336493,3.967756875,3.73549062,3.52496834,3.332448212,3.155231052,2.991271611,2.838962723,2.697006104,2.564330358,2.440035662,2.323355126,2.213627763,2.110277344,2.012798261,1.920741766,1.833708924,1.751341885,1.673317937,1.599345468,1.529160041,1.462517835,1.399199573,1.339001399,1.281736817,1.227233297,1.175331429,1.125883595,1.078752848,1.033811344,0.990940566,0.950029706,0.910975224,0.873680172,0.838053853,0.80401117,0.771472149,0.740361716,0.710609187,0.682148155,0.654915748,0.62885286,0.603903669,0.580015972,0.55713827,0.535224953,0.514230881,0.494113688,0.474833391,0.456351969,0.438633317,0.421643247,0.405349245,0.389720443,0.374727468,0.360342445,0.346538843,0.333291327,0.320575905,0.308369676,0.296650804
5.148521693,4.663716774,4.321605383,4.034621583,3.78368255,3.559560275,3.356730775,3.171491322,3.001176033,2.843766649,2.697681142,2.561643444,2.434600662,2.315671643,2.204105252,2.099255039,2.000558483,1.907522005,1.819708716,1.736730376,1.658238805,1.583920789,1.513493647,1.446699099,1.38330379,1.323093737,1.265872295,1.21145906,1.159687396,1.110403872,1.063465573,1.018740791,0.976106641,0.935448855,0.896660871,0.859643145,0.824302631,0.790552215,0.758310167,0.72749961,0.698049108,0.669890658,0.642960574,0.617198785,0.592548704,0.568956951,0.546373086,0.524749326,0.504040775,0.484204979,0.465201037,0.44699106,0.429538689,0.412809585,0.396771131,0.381392411,0.366643886,0.352497652,0.338927226,0.325907283,0.31341384,0.301423981,0.289915941,0.278868968
4.923737726,4.449683874,4.117516238,3.839824629,3.597613481,3.381714194,3.186654084,3.008768575,2.845423508,2.694631212,2.554832222,2.424771915,2.303419669,2.189910533,2.083510258,1.98358706,1.889592046,1.801044091,1.717518211,1.63863646,1.564060973,1.493487742,1.426642353,1.363275802,1.303161662,1.246093001,1.191880087,1.140348238,1.091338032,1.044700861,1.000299625,0.958007288,0.917705828,0.879285482,0.842644368,0.807686075,0.774321957,0.74246849,0.712047461,0.682985542,0.655213846,0.628667666,0.603286148,0.579011864,0.555790956,0.533572242,0.512307844,0.491952274,0.472462634,0.453798199,0.435920657,0.418793585,0.402382509,0.386654733,0.371579266,0.357126691,0.343269084,0.329979904,0.317233947,0.305007253,0.293277071,0.282021629,0.271220297,0.260853526
4.697780494,4.234532958,3.91235663,3.64400072,3.41055726,3.202921648,3.015666674,2.845167966,2.688824896,2.544677497,2.411192333,2.287137925,2.171502011,2.063437964,1.962227738,1.867254461,1.777983147,1.693945064,1.614726965,1.539961638,1.469321151,1.402511027,1.339265545,1.279343974,1.222527458,1.168615946,1.117426989,1.068792556,1.022558208,0.978581497,0.936730787,0.89688378,0.858927577,0.822756792,0.788273445,0.755386099,0.724009401,0.694063565,0.665473488,0.638170262,0.612087025,0.587162447,0.563338505,0.540560563,0.518777202,0.497939958,0.478003047,0.458923285,0.440659887,0.423174351,0.40643017,0.390392775,0.375029508,0.360309399,0.346203069,0.332682613,0.319721635,0.307295017,0.295378909,0.283950649,0.272988689,0.26247255,0.25238278,0.242700758
4.471978274,4.019532788,3.707341945,3.448312868,3.223628441,3.024245005,2.844785109,2.681663814,2.532313797,2.394803192,2.267624321,2.149567343,2.039640023,1.937013708,1.84098673,1.750957144,1.66640349,1.586869666,1.511954014,1.441300159,1.374590262,1.311539083,1.251889672,1.195409405,1.141887023,1.091129943,1.042962102,0.997221991,0.953761164,0.912442793,0.873140502,0.83573729,0.800124767,0.766202996,0.733875698,0.703057787,0.673667879,0.645628766,0.618869619,0.593323681,0.568928361,0.545625124,0.523358186,0.502076247,0.481730285,0.462274213,0.443664673,0.425860719,0.408823708,0.392517088,0.376906342,0.361958811,0.34764358,0.333931366,0.320794389,0.308206371,0.296142337,0.284578622,0.273492744,0.262863316,0.252670038,0.242893608,0.233515701,0.22451882
4.247809558,3.80610162,3.503824961,3.254056814,3.038066102,2.846875416,2.675150903,2.519350536,2.376939454,2.246014195,2.125092236,2.012985659,1.908722131,1.811490803,1.720606238,1.635481456,1.555608313,1.480543358,1.409896392,1.343321797,1.28051175,1.221190176,1.165108736,1.112043141,1.061789491,1.014162638,0.968992762,0.926124891,0.885416507,0.846736375,0.809963216,0.774985486,0.741699184,0.710008024,0.679822579,0.651059536,0.623641197,0.597495019,0.572553188,0.548752281,0.526032805,0.504339007,0.483618473,0.463822008,0.444903366,0.426818899,0.40952757,0.392990637,0.377171608,0.362035858,0.347550957,0.333685976,0.320411771,0.307700766,0.295526828,0.283865142,0.272692222,0.2619858,0.251724768,0.24188904,0.232459547,0.223418158,0.214747698,0.20643177
4.02694446,3.595833335,3.303337816,3.062700673,2.855280258,2.672160067,2.508060264,2.359472226,2.223895899,2.099456744,1.984696699,1.878449924,1.779763601,1.687844664,1.602023531,1.521728074,1.446463257,1.375798143,1.309354192,1.24679584,1.187825257,1.132175602,1.079607114,1.029903264,0.98286788,0.938322562,0.896104406,0.856064596,0.818066307,0.781983816,0.747701557,0.715111682,0.68411594,0.654622123,0.626544988,0.599805175,0.574328742,0.550046718,0.526894472,0.504812394,0.483743451,0.463634983,0.444437421,0.426104188,0.408591377,0.391858143,0.375865382,0.36057662,0.345957457,0.331975357,0.318599616,0.305695001,0.293451869,0.281732425,0.270512044,0.259767715,0.249477196,0.239619679,0.230175368,0.221125476,0.212452171,0.2041385,0.196168383,0.18852655
3.811324629,3.390590576,3.10766635,2.875959042,2.676916304,2.501684792,2.345030633,2.203486768,2.074584985,1.956478241,1.847733093,1.747205523,1.653961896,1.567226755,1.486345965,1.410761766,1.339992586,1.273619434,1.211274668,1.152633671,1.09740785,1.04533947,0.996196979,0.949771751,0.905874872,0.864334789,0.82499512,0.787712963,0.752357368,0.718807947,0.686953977,0.656693168,0.627931006,0.600579927,0.574558719,0.549791849,0.526209067,0.50374488,0.482338175,0.461931879,0.442472548,0.42391018,0.406197842,0.389291642,0.373150079,0.357734397,0.342980128,0.328834582,0.315390998,0.302539038,0.290249862,0.278496253,0.267252489,0.256494269,0.24619855,0.236343626,0.22690884,0.217874673,0.209222615,0.200935112,0.192995516,0.18538801,0.178097588,0.171109994
3.60329734,3.192630404,2.91897829,2.695914715,2.504976601,2.337372135,2.187915056,2.053176561,1.930720427,1.81872769,1.715788459,1.620780112,1.532787421,1.45105235,1.374936235,1.303895033,1.237460107,1.175224253,1.116830761,1.061964997,1.010347676,0.961729846,0.915887951,0.87261549,0.831742193,0.793097064,0.756529979,0.721908196,0.689097468,0.657987247,0.628471674,0.600453103,0.573841451,0.548553279,0.524511333,0.501643759,0.479883915,0.459169646,0.439443007,0.420649962,0.402739944,0.385665709,0.369382951,0.353850189,0.338942341,0.324799545,0.311296481,0.29840083,0.286082119,0.274311664,0.26306242,0.252308903,0.242026922,0.23219376,0.222787893,0.213788976,0.205177716,0.196935948,0.189046369,0.181492614,0.174259161,0.167331289,0.160695038,0.154337146
3.405908356,3.004880614,2.74009278,2.525282902,2.34207586,2.181741202,2.039139131,1.910878503,1.794554721,1.688375288,1.590953659,1.501188838,1.418182842,1.341194343,1.269599163,1.202867327,1.14054298,1.082230186,1.027581848,0.976293449,0.928094809,0.882745184,0.840025504,0.799749149,0.76174037,0.725834377,0.691890262,0.659776608,0.629373188,0.600569924,0.57326563,0.547367163,0.522788551,0.499450409,0.477279103,0.456206512,0.436169214,0.417108306,0.398968866,0.381699823,0.365253233,0.349584491,0.334651797,0.320361286,0.306788603,0.293841432,0.28148746,0.269696286,0.258439301,0.2476896,0.23741703,0.227611956,0.218237554,0.209277284,0.200711011,0.192519747,0.184685512,0.177191292,0.170021011,0.163159408,0.156614769,0.150326887,0.144306547,0.138541695
3.223723304,2.831746117,2.575257818,2.368161362,2.192168064,2.03860702,1.902384409,1.780145218,1.669516654,1.528624633,1.476425327,1.391516529,1.313126112,1.24052774,1.173112054,1.11036132,1.051829597,0.997136825,0.945941647,0.897950038,0.852900231,0.810559391,0.770719339,0.733193135,0.697811881,0.664423329,0.632888802,0.603082288,0.574888427,0.54820185,0.522925751,0.498971131,0.476255933,0.454704479,0.434246703,0.414817711,0.396357189,0.378809253,0.362122018,0.346246609,0.331138104,0.316754137,0.303054872,0.290003238,0.277565648,0.265709278,0.254404086,0.243620086,0.233331102,0.223511828,0.214138444,0.205176675,0.196629685,0.188465034,0.180663929,0.173218442,0.16609153,0.159277702,0.152761979,0.14653015,0.140568751,0.134865039,0.129406945,0.12418302
3.067288739,2.683424167,2.434334661,2.234086425,2.064475536,1.916889331,1.786278004,1.669322459,1.563677925,1.467602406,1.379753633,1.299068005,1.224683246,1.155887778,1.092085623,1.032771344,0.977510905,0.925929964,0.877701239,0.832537097,0.790184,0.750416245,0.713032276,0.677851439,0.644710907,0.613463544,0.583975919,0.556126669,0.529805068,0.504909837,0.481348162,0.459034738,0.43789104,0.417844749,0.398828797,0.380781292,0.363644799,0.347366035,0.331895431,0.317186824,0.303196164,0.289885614,0.277216494,0.265153733,0.253664556,0.242718225,0.232285943,0.222340677,0.212857,0.203811065,0.19518041,0.18694424,0.179081961,0.1715751,0.164406052,0.157558074,0.151015404,0.144762987,0.138787062,0.133074116,0.127611574,0.122387583,0.117390743,0.112610388
2.936995084,2.560283583,2.317674451,2.12339162,1.959316268,1.816890954,1.691108982,1.578684691,1.47730119,1.385240369,1.301179749,1.224073172,1.153074502,1.087485345,1.026722301,0.970290918,0.917767757,0.868787081,0.82303024,0.780217638,0.740102386,0.702465553,0.66711161,0.633865503,0.602569684,0.573081891,0.545273236,0.519026595,0.49423521,0.470801432,0.448636265,0.427657376,0.407789416,0.388962868,0.371113567,0.354182122,0.33811355,0.322856814,0.308364681,0.29459262,0.281500113,0.269048641,0.257202501,0.245928335,0.235194821,0.224972767,0.215234721,0.205955085,0.197109703,0.188675896,0.18063232,0.172958986,0.165637025,0.158648668,0.151977146,0.145606663,0.139522306,0.133710005,0.128156454,0.122849075,0.117775993,0.112925933,0.108288273,0.103852921
2.823069266,2.452861793,2.21611283,2.027205198,1.868100216,1.7302956,1.608825426,1.500437469,1.402840871,1.314339598,1.233631092,1.159685857,1.091671935,1.028904317,0.970811143,0.9169083,0.866782696,0.820074734,0.77647595,0.735713028,0.697545795,0.661761258,0.628169621,0.59660087,0.566902338,0.538936192,0.512577675,0.487713626,0.464240772,0.442065026,0.421100305,0.401267449,0.382493849,0.364712596,0.347861972,0.331884927,0.316728641,0.302344169,0.288686081,0.27571205,0.263382907,0.251661847,0.240514799,0.22990982,0.219817061,0.210208588,0.201058259,0.192341558,0.184035483,0.176118442,0.168570172,0.161371548,0.154504641,0.147952558,0.141699365,0.135730059,0.130030471,0.12458724,0.11938775,0.114420074,0.109672942,0.105135693,0.100798243,0.096651045
2.721720932,2.357490661,2.126102453,1.942094782,1.787507097,1.653891644,1.536322041,1.431576916,1.337391477,1.252091304,1.174391784,1.10327949,1.037936195,0.977689323,0.921977994,0.870327955,0.822333881,0.777646843,0.735963105,0.697017044,0.66057448,0.626428055,0.59439314,0.564304555,0.536014011,0.509387813,0.484305059,0.460656023,0.43834097,0.417268757,0.397356153,0.378526818,0.360710626,0.343843049,0.327864735,0.312720574,0.298359776,0.284735301,0.271803416,0.259523552,0.247857928,0.236771419,0.226231192,0.21620673,0.206669361,0.197592366,0.188950707,0.180720946,0.172881083,0.165410478,0.158289751,0.151500672,0.145026125,0.138849777,0.132957034,0.127332994,0.121964359,0.116838399,0.111943245,0.107267107,0.1027997,0.09853074,0.094450636,0.090550317
2.6306756,2.271970865,2.045516156,1.866003736,1.715550135,1.585759266,1.471743375,1.370311003,1.279222262,1.196822715,1.121845992,1.053293239,0.990359704,0.93238437,0.87881632,0.829190882,0.783111196,0.740235684,0.700267527,0.6629472,0.628046352,0.5953628,0.564716778,0.535947525,0.508910822,0.48347684,0.459528208,0.436958469,0.415670902,0.395577284,0.376596963,0.358656202,0.341687139,0.325627459,0.310419711,0.296010881,0.282351931,0.269397503,0.257105492,0.245436808,0.234355119,0.223826597,0.21381974,0.204305126,0.195255312,0.186644593,0.178448957,0.170645916,0.163214377,0.156134563,0.149387909,0.142956965,0.136825331,0.130977578,0.125399185,0.120076437,0.11499647,0.11014711,0.105516881,0.101094944,0.096871063,0.092835565,0.0889793,0.0852936
2.548346266,2.194766628,1.972871533,1.797501966,1.650847396,1.524564419,1.413801491,1.315396626,1.227132892,1.147376346,1.074876336,1.008648891,0.947901669,0.891984621,0.840356926,0.792562187,0.748211752,0.706970641,0.668548901,0.632692736,0.599179027,0.567810548,0.538412007,0.510826758,0.484914468,0.460548746,0.437615485,0.4160114,0.395642447,0.376423092,0.358275167,0.341127098,0.324913341,0.30957346,0.29505193,0.281297488,0.268262775,0.255903935,0.24418035,0.233054312,0.222490803,0.212457155,0.202923043,0.193860151,0.185242037,0.177043999,0.169242923,0.161817187,0.154746518,0.148011913,0.141595555,0.135480677,0.129651545,0.124093357,0.118792181,0.113734897,0.108909145,0.104303275,0.099906288,0.095707816,0.091698045,0.087867737,0.084208137,0.080710965
2.473549224,2.124735124,1.907064347,1.735520994,1.592370619,1.469315139,1.36154004,1.265911004,1.180233989,1.102893509,1.032655227,0.968548442,0.909792749,0.855748712,0.805884483,0.759752236,0.716970303,0.677210765,0.640189325,0.605657772,0.573398038,0.543217452,0.514944822,0.488427439,0.463528449,0.440124674,0.418105427,0.397369752,0.377826411,0.359392389,0.341991651,0.325554819,0.310018233,0.295323367,0.28141642,0.26824774,0.255771468,0.243945192,0.232729625,0.222088315,0.211987445,0.202395411,0.193283004,0.184622865,0.17638949,0.16855906,0.161109303,0.154019382,0.147269759,0.140842136,0.134719374,0.128883438,0.123324923,0.118023911,0.112968789,0.108146972,0.103546695,0.099156704,0.094966447,0.090965958,0.087145834,0.083497205,0.080011665,0.076681284
2.405347353,2.060977021,1.847228482,1.679229263,1.539314844,1.419236293,1.314211841,1.221134485,1.13783205,1.06270608,0.994537214,0.932371601,0.875435606,0.823101401,0.774845265,0.730227343,0.688873033,0.650460698,0.614711624,0.581382688,0.550260665,0.521156939,0.493904318,0.468353656,0.444371422,0.421837633,0.40064396,0.380692507,0.361894345,0.344168584,0.327441419,0.311645371,0.296718597,0.282604293,0.26925004,0.25660807,0.244633712,0.233285954,0.222526533,0.212320269,0.202634369,0.19343834,0.184703955,0.176404684,0.16851586,0.161014552,0.153879202,0.14708969,0.140627203,0.134474039,0.128613658,0.123030523,0.117710036,0.112638478,0.107802953,0.103191311,0.098792109,0.094594588,0.090588581,0.086764512,0.08311332,0.079626468,0.076295876,0.073113938
2.343005602,2.002776807,1.792672662,1.6279597,1.491040343,1.373710325,1.271222496,1.180494828,1.099375717,1.026285057,0.960017407,0.899627857,0.844357648,0.793586423,0.746800045,0.703564964,0.663513192,0.626328948,0.591738938,0.559504803,0.529417575,0.501292746,0.474966731,0.450293732,0.427143324,0.405398248,0.384952932,0.365711777,0.347588175,0.330503305,0.314385296,0.299168472,0.284792672,0.271202649,0.258347614,0.246180831,0.23465909,0.223742503,0.213394129,0.20357974,0.194267542,0.185428011,0.177033694,0.169058971,0.161479991,0.154274473,0.147421594,0.140901904,0.134697175,0.128790333,0.123165373,0.117807302,0.112701987,0.107836181,0.103197453,0.098774072,0.094554991,0.090529819,0.086688758,0.083022564,0.079522517,0.076180393,0.07298839,0.069939174
2.285902378,1.949540517,1.742827176,1.581161802,1.447015873,1.332228081,1.232081213,1.143520298,1.064412049,0.993192608,0.928670697,0.869912858,0.816170401,0.766832058,0.721390698,0.679420319,0.64055905,0.604496961,0.570964786,0.5397291,0.510585201,0.483351773,0.457869697,0.43399522,0.41160121,0.39057299,0.370807203,0.352211022,0.334699666,0.318196151,0.302630463,0.287938568,0.274061863,0.260946574,0.248543272,0.236806422,0.225694053,0.215167368,0.205190467,0.195730098,0.186755373,0.178237647,0.170150243,0.162468333,0.155168762,0.14822993,0.141631659,0.135355086,0.12938255,0.123697517,0.118284516,0.113128977,0.10821728,0.103536566,0.099074818,0.094820684,0.090763493,0.086893194,0.083200318,0.079675932,0.076311598,0.073099388,0.070031769,0.067101648
2.233533085,1.900778144,1.697218126,1.538382665,1.406805946,1.29436862,1.196385525,1.109822969,1.032567679,0.963070907,0.900154357,0.842895553,0.790555472,0.742531098,0.698322596,0.657511026,0.619738797,0.584702103,0.552136786,0.521813193,0.493530352,0.46711082,0.442397572,0.419250999,0.397546017,0.377170525,0.358023596,0.340014002,0.323059065,0.307084006,0.292020004,0.277804734,0.264381036,0.251696455,0.239702801,0.228355771,0.217614408,0.20744095,0.197800477,0.188660622,0.179991352,0.171764784,0.163955059,0.156537879,0.149490878,0.142793045,0.13642481,0.130367824,0.124604969,0.119120191,0.113898463,0.108925683,0.104188616,0.099674835,0.095372657,0.091271093,0.087359805,0.083629057,0.080069676,0.07667301,0.073430902,0.070335653,0.067379993,0.06455705
2.185458543,1.856068297,1.655441037,1.499232382,1.370037027,1.259774813,1.163789391,1.079072405,1.003525284,0.935614841,0.874175378,0.818294604,0.767242901,0.720422159,0.67734692,0.637596653,0.600822846,0.566725189,0.535044297,0.50555477,0.47805862,0.452382138,0.428371128,0.405888447,0.384811841,0.365031268,0.346448035,0.328972765,0.312524632,0.297030202,0.282422592,0.268640722,0.255628804,0.243335609,0.231714119,0.220721042,0.210316484,0.200463611,0.191128374,0.182279206,0.173886858,0.165924251,0.158365951,0.151188686,0.144370458,0.137890872,0.131730875,0.125872629,0.12029947,0.114995835,0.109947102,0.105139563,0.100560373,0.09619747,0.092039479,0.088075754,0.084296245,0.080691517,0.077252666,0.073971293,0.07083949,0.067849787,0.064995132,0.062268875
2.141313191,1.815059894,1.617160146,1.463387882,1.336397126,1.228146937,1.134008926,1.050992697,0.977019988,0.910570446,0.850490204,0.795876662,0.746008148,0.700296268,0.658256763,0.619479654,0.583620182,0.550382378,0.519510998,0.490784111,0.464007399,0.439009841,0.415640144,0.393763779,0.373260502,0.35402263,0.335953271,0.318964986,0.302978467,0.287921892,0.273729787,0.26034242,0.247705123,0.23576793,0.224484795,0.213813454,0.203714929,0.194153278,0.185095186,0.176509957,0.16836899,0.160645829,0.153315831,0.146356103,0.139745306,0.133463568,0.127492264,0.121814086,0.116412813,0.111273254,0.106381178,0.101723255,0.097286975,0.093060589,0.089033065,0.08519404,0.081533737,0.078042976,0.074713103,0.071535963,0.068503865,0.065609551,0.062846174,0.060207264
2.100778292,1.777447141,1.582079575,1.430565267,1.30561536,1.199224704,1.106791112,1.025344528,0.952822635,0.887718707,0.828887881,0.775438618,0.726657028,0.681962068,0.64087333,0.602988533,0.567966607,0.535516156,0.505385646,0.477356497,0.451237438,0.426860422,0.404077351,0.382754457,0.36277383,0.344031113,0.3264307,0.309886167,0.294320418,0.279662782,0.265849122,0.252820945,0.240524688,0.228911404,0.217936078,0.207557336,0.197737095,0.188440132,0.179633958,0.171288489,0.163375843,0.155870168,0.148747354,0.141985099,0.135562547,0.129460286,0.123660191,0.118145334,0.112899904,0.107909085,0.103159002,0.098636661,0.094329866,0.09022717,0.086317825,0.08259172,0.079039537,0.075651764,0.072420539,0.069337729,0.066395852,0.063587842,0.060907031,0.058347125
2.063582111,1.742967158,1.549946688,1.400523474,1.277459888,1.172786575,1.08192416,1.001923619,0.930736953,0.866869614,0.809188614,0.75680824,0.709024085,0.665261053,0.625044558,0.587977114,0.553722285,0.52199239,0.492539536,0.46514835,0.439630425,0.415820286,0.393571456,0.372754237,0.353251889,0.334960827,0.317787621,0.301647967,0.286465647,0.272171453,0.258702308,0.246001272,0.234015277,0.222696896,0.212001588,0.201888974,0.192321724,0.183265379,0.174688131,0.166560535,0.158855143,0.151546969,0.144612319,0.138029337,0.131777653,0.125838308,0.120193531,0.114826843,0.109722758,0.104866823,0.100245521,0.095846091,0.091656654,0.087665991,0.083863779,0.080239987,0.076785388,0.073491254,0.070349371,0.067351977,0.06449178,0.061761888,0.059155815,0.056667413
2.029478713,1.711384434,1.520539301,1.373048276,1.251726023,1.148634732,1.059220662,0.980550703,0.910591658,0.847860317,0.791233349,0.739834577,0.692964903,0.650056027,0.610638116,0.574318794,0.540765825,0.509694854,0.480861391,0.454052987,0.429084049,0.405791387,0.384030732,0.363674111,0.344607306,0.326728007,0.309944322,0.294173405,0.279340292,0.265377001,0.25222177,0.23981817,0.228114733,0.217064315,0.206623651,0.196752989,0.187415713,0.178578045,0.170208797,0.162279098,0.154762249,0.147633412,0.140869569,0.134449302,0.128352672,0.122561103,0.117057249,0.111824953,0.106849054,0.102115394,0.097610781,0.093322767,0.089239713,0.085350692,0.081645448,0.078114339,0.074748301,0.071538787,0.068477792,0.065557742,0.0627715,0.060112338,0.057573898,0.055150213
1.99826512,1.682503162,1.493665902,1.347956919,1.228238233,1.126603018,1.038519452,0.961071405,0.892238827,0.830549342,0.774888793,0.72438844,0.67835569,0.636227926,0.597540376,0.561904787,0.528992636,0.498523198,0.470255064,0.443978376,0.419510056,0.39668915,0.375373466,0.355436771,0.336766572,0.319267602,0.302833014,0.287397606,0.272882212,0.259219886,0.246349865,0.234216797,0.222770037,0.21196322,0.201753876,0.192102947,0.182974478,0.174335326,0.166154973,0.158404772,0.151058818,0.144092668,0.137483754,0.131211048,0.125255029,0.119597402,0.114221287,0.109110766,0.104251031,0.099628213,0.095229333,0.091042232,0.087055508,0.08325846,0.079641056,0.076193856,0.07290799,0.069775092,0.066787308,0.063937236,0.061217897,0.058622717,0.056145479,0.053780311
1.969755907,1.656148604,1.469161055,1.325090644,1.206844895,1.106545346,1.01968156,0.943352539,0.875550995,0.814814623,0.760037323,0.710357717,0.665089179,0.623674466,0.58565296,0.550640803,0.518312801,0.488391559,0.460638239,0.434845672,0.410832988,0.388441295,0.36753028,0.347975226,0.329665757,0.312502034,0.296395024,0.281264276,0.26703747,0.253648299,0.241037213,0.229149546,0.217935629,0.207350798,0.19734988,0.187898245,0.178959129,0.170499976,0.162490625,0.15490326,0.147712154,0.140893386,0.134424754,0.128285682,0.122456933,0.116920641,0.111660111,0.106659787,0.101905171,0.097382604,0.093079374,0.088983549,0.085083822,0.081369964,0.077832123,0.074460778,0.071247368,0.068183707,0.06526209,0.062475259,0.059816381,0.057279001,0.054857037,0.052544748
1.943796682,1.632169343,1.446878617,1.304309625,1.187411824,1.088334079,1.002584777,0.927277466,0.860416557,0.800549175,0.746576888,0.69764487,0.653072277,0.612306095,0.574890695,0.540445347,0.50864826,0.479224984,0.451938879,0.426586225,0.402987047,0.380984824,0.36044089,0.341232318,0.323249536,0.306395092,0.290579481,0.275724869,0.261759203,0.248617515,0.236240852,0.224575438,0.21357222,0.203186296,0.193376505,0.184105031,0.175337076,0.167040548,0.159185819,0.151745538,0.144694339,0.13800866,0.131666648,0.12564828,0.119934504,0.114507754,0.109351637,0.104450855,0.099791111,0.095359176,0.091142275,0.087128827,0.083307846,0.079669037,0.076202666,0.072899761,0.069751721,0.066750512,0.063888571,0.061158774,0.058554414,0.056069156,0.053697033,0.051432409
1.920234859,1.610419245,1.42667719,1.285483026,1.169813956,1.071849471,0.98711485,0.912737361,0.846731891,0.787654341,0.734413274,0.686159927,0.642218207,0.60204051,0.56517485,0.531243025,0.499926986,0.470954777,0.444092437,0.419137387,0.395912347,0.374262442,0.354050499,0.33515499,0.317467718,0.300891812,0.285340401,0.270735021,0.257005564,0.244087299,0.231922031,0.220457383,0.209644323,0.199438648,0.18979937,0.180691186,0.172077612,0.163927775,0.156212447,0.148904802,0.141979729,0.135414119,0.129186475,0.123276814,0.117666609,0.112338433,0.107276341,0.102465183,0.097890887,0.09354039,0.089401211,0.085461917,0.081711704,0.078140445,0.074738616,0.071497289,0.068408045,0.065463021,0.062654762,0.059976263,0.057420937,0.054982461,0.052655162,0.050433404
1.898957384,1.590794642,1.408464528,1.268510584,1.153957162,1.057001279,0.973185374,0.899648843,0.83441692,0.776053001,0.723472517,0.675832158,0.632460731,0.592814029,0.556443793,0.522975238,0.492092918,0.463527151,0.437046182,0.41244932,0.38956137,0.368228617,0.348315467,0.329701737,0.312280205,0.295955286,0.280641013,0.266260035,0.252742465,0.240024993,0.228050108,0.216765454,0.206123241,0.196079749,0.186594913,0.177631937,0.169156974,0.161138827,0.153548704,0.146360033,0.139548135,0.1330902,0.126965019,0.121152947,0.115635638,0.110396041,0.105418262,0.100688122,0.096189755,0.091912215,0.087842709,0.08396988,0.080283092,0.076772361,0.073428321,0.070242173,0.067205639,0.064310953,0.061550786,0.058918245,0.056406838,0.05401044,0.051723275,0.049539892
1.879844268,1.573176418,1.392120298,1.253289771,1.139741863,1.043696037,0.960707418,0.887928089,0.823391889,0.765669666,0.713683216,0.666594235,0.623733487,0.584562195,0.548636511,0.515583778,0.485090284,0.45688908,0.430749996,0.406474095,0.383887994,0.362839486,0.343193753,0.324832178,0.307648617,0.29154831,0.276446235,0.262265827,0.248938619,0.2364008,0.224595911,0.213472271,0.20298296,0.193084248,0.183736706,0.174904116,0.16655296,0.15865241,0.151174063,0.144091631,0.137380792,0.131018977,0.124985272,0.119260262,0.113825856,0.108665236,0.103762678,0.099103499,0.094674144,0.090461767,0.086454403,0.082641341,0.079010626,0.075553886,0.072261374,0.069124423,0.066134876,0.063285059,0.060567761,0.057976184,0.05550393,0.053144948,0.050893555,0.048744377
1.862834742,1.557503247,1.377585984,1.239756703,1.127106552,1.031867968,0.949617611,0.877514476,0.813598527,0.756448339,0.704990411,0.658390943,0.615986927,0.577241055,0.541711025,0.509027766,0.47888018,0.451002798,0.425167607,0.401177168,0.378859842,0.358063494,0.338655009,0.320517405,0.303545102,0.287644205,0.272730461,0.258728079,0.245568588,0.233189981,0.221535969,0.210555345,0.200201835,0.19043158,0.181205942,0.172488434,0.164247082,0.156450846,0.149071607,0.142083371,0.135462092,0.129185457,0.12323283,0.117585007,0.112224072,0.107133405,0.102297509,0.097701907,0.093333095,0.089178438,0.085226118,0.081465075,0.077884942,0.074475994,0.071229109,0.068135717,0.065187764,0.062377678,0.059698328,0.057143011,0.054705401,0.052379544,0.050159818,0.048040911
1.847795429,1.54365485,1.364750241,1.227813057,1.115960336,1.021443275,0.939846146,0.868339709,0.804972587,0.748327754,0.697337243,0.651170865,0.609169152,0.570797512,0.535616937,0.503259924,0.47341734,0.445825652,0.420258388,0.396519448,0.37443795,0.353863939,0.334665323,0.316725011,0.299938727,0.284213381,0.269465455,0.255619764,0.242608439,0.230370007,0.218848733,0.20799377,0.19775883,0.188101497,0.178983023,0.170367751,0.162222924,0.154518359,0.147226223,0.140320773,0.133778207,0.127576455,0.121695066,0.116115011,0.110818614,0.105789411,0.101012059,0.096472242,0.092156596,0.088052624,0.084148636,0.080433692,0.076897541,0.07353057,0.070323741,0.067268586,0.064357147,0.061581931,0.058935893,0.056412399,0.054005198,0.051708401,0.049516453,0.04742411
1.834686913,1.531591432,1.353572333,1.217414964,1.106257095,1.012368155,0.931341663,0.860356886,0.797468355,0.741264702,0.690681502,0.644892914,0.603241873,0.56519677,0.530320176,0.498247178,0.468670277,0.441327347,0.415993313,0.392473256,0.370597482,0.350216963,0.331200448,0.313431703,0.29680726,0.281234605,0.26663084,0.252921384,0.240038918,0.227922371,0.216516383,0.205770694,0.195639265,0.186080093,0.177054698,0.16852775,0.160466772,0.152841837,0.145625343,0.138791804,0.132317583,0.126180834,0.120361292,0.114840092,0.109599713,0.104623863,0.09989733,0.095405934,0.091136429,0.087076456,0.083214426,0.079539469,0.076041485,0.072710923,0.069538848,0.066516866,0.063637098,0.06089214,0.058274993,0.055779083,0.05339828,0.051126686,0.048958836,0.046889531
1.8234351,1.521247316,1.343990193,1.20850224,1.097943196,1.004593964,0.924057937,0.853519236,0.791042153,0.735217194,0.684983974,0.639520638,0.598170362,0.560405264,0.525789401,0.493959851,0.464610185,0.437480468,0.412346722,0.389014305,0.367314655,0.34709976,0.32823917,0.310617148,0.294131157,0.278689154,0.264208778,0.250615882,0.237843616,0.225831297,0.214524016,0.203871735,0.193828373,0.184353151,0.17540782,0.166956392,0.158967086,0.151410193,0.144258271,0.137486172,0.131070374,0.124989194,0.119222503,0.113751605,0.10855911,0.103628848,0.098945733,0.094495702,0.090265646,0.086243236,0.082417021,0.078776223,0.07531082,0.072011356,0.068868964,0.065875367,0.063022652,0.060303447,0.057710977,0.055238659,0.052880356,0.050630293,0.048483017,0.046433381
1.814026616,1.512583451,1.33596751,1.201042797,1.09098269,0.998086157,0.917961429,0.847800029,0.785667262,0.730159508,0.680219229,0.635025334,0.593927252,0.556396692,0.521999962,0.490373776,0.461215141,0.434263811,0.409296847,0.386121228,0.36456911,0.344493191,0.32576283,0.308263907,0.291893812,0.276561158,0.26218399,0.24868863,0.236008501,0.224083399,0.212858657,0.20228441,0.192315457,0.182910417,0.174031484,0.165643009,0.15771366,0.150213717,0.143116174,0.136395235,0.130028276,0.123993783,0.118271262,0.112842319,0.107689843,0.102797681,0.098151244,0.09373577,0.089538619,0.0855476,0.081751315,0.078139097,0.074700926,0.071427058,0.068309513,0.06533954,0.062509428,0.059811876,0.057240018,0.054787386,0.052447932,0.050215884,0.04808579,0.046052581
1.806360009,1.505534507,1.329442096,1.194976152,1.085328526,0.992800639,0.913011057,0.843155139,0.781302952,0.726053966,0.676351904,0.631379169,0.590485886,0.553144901,0.518925148,0.487465429,0.458461776,0.431655456,0.406824685,0.383776604,0.362344075,0.34237984,0.323755752,0.306356587,0.290080578,0.274836662,0.260543625,0.247127075,0.23452208,0.222667422,0.211509639,0.200998923,0.191087065,0.181742145,0.172916866,0.164578703,0.156699018,0.149245199,0.142191261,0.135512147,0.129184779,0.123187661,0.117500949,0.112106108,0.106985888,0.10212461,0.097507227,0.093119759,0.088948971,0.084983553,0.081209872,0.077622777,0.074206681,0.070954255,0.067856746,0.064905944,0.062094142,0.059414061,0.056858899,0.054422214,0.052097964,0.049880434,0.047764253,0.045744345
1.800431674,1.500087235,1.324400067,1.190290043,1.080959203,0.988717254,0.909186742,0.839567844,0.777932479,0.722882736,0.673365225,0.628563266,0.587828204,0.550635089,0.516552457,0.485220652,0.456336634,0.429642267,0.404916108,0.381966513,0.360626198,0.340749508,0.322207194,0.3048851,0.288681986,0.273506542,0.259277801,0.245922615,0.233375,0.221575266,0.210469089,0.200007387,0.190144764,0.180840531,0.172057054,0.163759468,0.155916189,0.148498089,0.141477884,0.134830877,0.128534041,0.122565968,0.116906872,0.111538353,0.106443317,0.10160584,0.097011094,0.092645249,0.088495402,0.084549459,0.080796148,0.0772249,0.073825817,0.070589577,0.067507561,0.064571555,0.061773862,0.059107267,0.056564975,0.054140592,0.05182809,0.049621791,0.047516345,0.045506698
1.796235146,1.496221078,1.320821337,1.186962862,1.077857079,0.985817944,0.906471546,0.837023619,0.775541803,0.720633505,0.671244522,0.626563687,0.585941352,0.548852761,0.514867376,0.483626855,0.454827799,0.428212811,0.403561232,0.380681584,0.35940741,0.339592034,0.321107984,0.303840619,0.287688784,0.272562009,0.2583792,0.245067245,0.232560826,0.220799842,0.209730387,0.199303315,0.18947376,0.180200141,0.171446904,0.16317736,0.1553607,0.147967404,0.140971389,0.134347252,0.128072106,0.122124663,0.116485181,0.111135269,0.106057997,0.101237439,0.096658804,0.092308311,0.08817339,0.084241371,0.080501038,0.076942459,0.073555462,0.070330793,0.067259776,0.064334261,0.06154659,0.058889564,0.056356386,0.053940723,0.051636564,0.049438242,0.047340415,0.045338052
1.7937068,1.493905387,1.318677846,1.184971562,1.076001221,0.984083477,0.904847291,0.835496959,0.774108079,0.719284875,0.669976709,0.625368572,0.584813769,0.547787655,0.513860763,0.48267428,0.453926951,0.427359655,0.40275171,0.37991403,0.358678916,0.338900847,0.320451341,0.30321651,0.287095535,0.271997845,0.257842449,0.244556547,0.232074409,0.220336576,0.209289051,0.198882726,0.189072829,0.179818425,0.171082038,0.162829282,0.155028542,0.147650703,0.140668948,0.134058403,0.127796206,0.121861081,0.116233315,0.110894645,0.105827975,0.101017506,0.096448483,0.092107141,0.087980628,0.084056523,0.080324851,0.076773825,0.073394046,0.07017626,0.067111809,0.064192558,0.06141087,0.058759552,0.056231864,0.053821419,0.05152224,0.049328672,0.047235391,0.045237286
1.792867671,1.493133399,1.317963825,1.184308119,1.075382444,0.98350539,0.904306092,0.83498949,0.773631278,0.718836453,0.669554441,0.624970441,0.58443764,0.547432666,0.513525256,0.482356899,0.453625608,0.427074204,0.402482017,0.379658091,0.358436112,0.338670367,0.320232442,0.303008656,0.286897893,0.271809894,0.257663639,0.244386392,0.231912437,0.220182311,0.209142096,0.198742694,0.188939348,0.179691161,0.170960657,0.162713485,0.154918044,0.147545241,0.140568244,0.133962269,0.127704387,0.121773364,0.116149499,0.110814503,0.105751367,0.100944264,0.096378445,0.092040155,0.087916552,0.083995634,0.080266179,0.076717681,0.073340299,0.070124807,0.067062543,0.064145382,0.061365688,0.058716291,0.0561904,0.053781694,0.051484172,0.049292189,0.047200423,0.045203853
